file_name,class
Hisaishi_Innocent.mid,Hisaishi
Hisaishi_Reprise.mid,Hisaishi
Hisaishi_Resphoina.mid,Hisaishi
Hisaishi_Nostalgia.mid,Hisaishi
Hisaishi_Tonari_no_Totoro.mid,Hisaishi
Hisaishi_Oriental_Wind.mid,Hisaishi
Hisaishi_Confessions_in_the_Moonlight.mid,Hisaishi
Hisaishi_Stroll.mid,Hisaishi
Hisaishi_The_Promise_of_the_World.mid,Hisaishi
Hisaishi_Fantasia.mid,Hisaishi
Hisaishi_Silencio_de_Parc_Guell.mid,Hisaishi
Hisaishi_Kaze_no_Tani_no_Naushika.mid,Hisaishi
Hisaishi_Mononoke_Hime.mid,Hisaishi
Hisaishi_Lost_Sheep_in_Bed.mid,Hisaishi
Hisaishi_Nausicaa_Requiem.mid,Hisaishi
Hisaisi_Legend_of_Ashitaka.mid,Hisaishi
Hisaishi_Departure.mid,Hisaishi
Hisaishi_Labyrinth_of_Eden.mid,Hisaishi
Hisaishi_The_Twilight_Shore.mid,Hisaishi
Hisaishi_Message_By_Rouge.mid,Hisaishi
Hisaishi_Toki_ni_wa_Mukashi_no_Hanashi_wo.mid,Hisaishi
Hisaishi_One_Summer's_Day.mid,Hisaishi
Hisaishi_Inochi_no_Namae.mid,Hisaishi
Hisaishi_Kimi_wo_Nosete.mid,Hisaishi
Hisaishi_Ponyo_on_the_Cliff_by_the_Sea.mid,Hisaishi
Hisaisi_Journey_Dream_of_Flight.mid,Hisaishi
Hisaishi_The_Wind_of_Life.mid,Hisaishi
Hisaishi_Nocturne.mid,Hisaishi
Hisaishi_Lady_of_Spring.mid,Hisaishi
Hisaishi_Hanabi.mid,Hisaishi
Hisaishi_First_Love.mid,Hisaishi
Hisaishi_Kaze_no_Toori_Michi.mid,Hisaishi
Hisaishi_Dreamy_Child.mid,Hisaishi
Hisaishi_Green_Requiem.mid,Hisaishi
Hisaishi_Umi_no_Mieru_Machi.mid,Hisaishi
Hisaishi_Ashitaka_and_San.mid,Hisaishi
Hisaishi_W_Nocturne.mid,Hisaishi
Hisaishi_The_Sixth_Station.mid,Hisaishi
Hisaishi_Journey_to_the_West.mid,Hisaishi
Hisaishi_Angel_Springs.mid,Hisaishi
Hisaishi_Asian_XTC.mid,Hisaishi
Hisaishi_Itsumo_Nando_Demo.mid,Hisaishi
Hisaishi_Yasashisa_ni_Tsutsumareta_nara.mid,Hisaishi
Hisaishi_Spring.mid,Hisaishi
Hisaishi_The_Wind_Forest.mid,Hisaishi
Hisaishi_Rain_Garden.mid,Hisaishi
Hisaishi_Casanova.mid,Hisaishi
Hisaishi_Summer.mid,Hisaishi
"Hisaishi_Once_in_a_While,_Talk_of_the_Old_Days.mid",Hisaishi
Einaudi_Dolce_droga.mid,Einaudi
Einaudi_Nuvole_bianche.mid,Einaudi
Einaudi_Melodia_Africana_III.mid,Einaudi
Einaudi_I_giorni.mid,Einaudi
Einaudi_Unknown.mid,Einaudi
Einaudi_Questa_notte.mid,Einaudi
Einaudi_Password.mid,Einaudi
Einaudi_Ombre.mid,Einaudi
Einaudi_Le_onde.mid,Einaudi
Einaudi_In_un'altra_vita.mid,Einaudi
Einaudi_Passaggio.mid,Einaudi
Einaudi_Melodia_Africana_II.mid,Einaudi
Einaudi_Run.mid,Einaudi
Einaudi_Ritornare.mid,Einaudi
Einaudi_Berlin_Song.mid,Einaudi
Einaudi_Elegy_for_the_Arctic.mid,Einaudi
Einaudi_Inizio.mid,Einaudi
Einaudi_Nightbook.mid,Einaudi
Einaudi_Melodia_Africana.mid,Einaudi
Einaudi_Canzone_Africana_IV.mid,Einaudi
Einaudi_Sotto_vento.mid,Einaudi
Einaudi_Oltremare.mid,Einaudi
Einaudi_Matches_Var_1.mid,Einaudi
Einaudi_Ora.mid,Einaudi
Einaudi_Questa_volta.mid,Einaudi
Einaudi_Limbo.mid,Einaudi
Einaudi_Lontano.mid,Einaudi
Einaudi_Julia.mid,Einaudi
Einaudi_La_nascita_delle_cose_segrete.mid,Einaudi
Einaudi_Monday.mid,Einaudi
Einaudi_Stella_del_Mattino.mid,Einaudi
Einaudi_Leo.mid,Einaudi
Einaudi_L'origine_nascosta.mid,Einaudi
Einaudi_Canzone_popolare.mid,Einaudi
Einaudi_Onde_corte.mid,Einaudi
Einaudi_Quel_che_resta.mid,Einaudi
Einaudi_Nuvole_nere.mid,Einaudi
Einaudi_La_linea_scura.mid,Einaudi
Einaudi_Dietro_l'incanto.mid,Einaudi
Einaudi_Samba.mid,Einaudi
Einaudi_Tracce.mid,Einaudi
Einaudi_Dietro_casa.mid,Einaudi
Einaudi_L'ultima_volta.mid,Einaudi
Einaudi_High_Heels.mid,Einaudi
Einaudi_I_due_fiumi.mid,Einaudi
Einaudi_Birdsong.mid,Einaudi
Einaudi_Ancora.mid,Einaudi
Einaudi_La_profondita_del_buio.mid,Einaudi
Einaudi_Earth_Prelude.mid,Einaudi
Einaudi_A_sense_of_symmetry.mid,Einaudi
Einaudi_Nefeli.mid,Einaudi
Einaudi_Bella_notte.mid,Einaudi
Einaudi_A_fuoco.mid,Einaudi
Einaudi_Rose.mid,Einaudi
Einaudi_Una_mattina.mid,Einaudi
Hillsong_I_Surrender.mid,Hillsong
Hillsong_Cornerstone.mid,Hillsong
Hillsong_Love_on_the_Line.mid,Hillsong
Hillsong_Let_Go.mid,Hillsong
Hillsong_In_Control.mid,Hillsong
Hillsong_How_Deep_is_the_Love.mid,Hillsong
Hillsong_Alive.mid,Hillsong
Hillsong_Oceans.mid,Hillsong
Hillsong_Jesus_Loves_Me.mid,Hillsong
Hillsong_Grace_to_Grace.mid,Hillsong
Hillsong_Touch_The_Sky.mid,Hillsong
Hillsong_Selah_III.mid,Hillsong
Hillsong_Heart_of_God.mid,Hillsong
Hillsong_Good_Grace.mid,Hillsong
Hillsong_Heart_Like_Heaven.mid,Hillsong
Hillsong_From_the_Inside_Out.mid,Hillsong
Hillsong_More_of_You.mid,Hillsong
Hillsong_So_Will_I.mid,Hillsong
Hillsong_Seasons.mid,Hillsong
Hillsong_Hindsight.mid,Hillsong
Hillsong_My_Redeemer_Lives.mid,Hillsong
Hillsong_Just_Jesus.mid,Hillsong
Hillsong_Every_Little_Thing.mid,Hillsong
Hillsong_PushPull.mid,Hillsong
Hillsong_Wonder.mid,Hillsong
Hillsong_As_It_Is.mid,Hillsong
Hillsong_Highs_and_Lows.mid,Hillsong
Hillsong_Lead_Me_to_the_Cross.mid,Hillsong
Hillsong_This_I_Believe.mid,Hillsong
Hillsong_Scandal_of_Grace.mid,Hillsong
Hillsong_Real_Love.mid,Hillsong
Hillsong_Mighty_To_Save.mid,Hillsong
Hillsong_What_a_Beautiful_Name.mid,Hillsong
Hillsong_Sinking_Deep.mid,Hillsong
Hillsong_Selah_I.mid,Hillsong
Hillsong_Selah_II.mid,Hillsong
Hillsong_Broken_Vessels.mid,Hillsong
Hillsong_Shout_to_the_Lord.mid,Hillsong
Hillsong_The_Stand.mid,Hillsong
Hillsong_Everyday.mid,Hillsong
Hillsong_Your_Word.mid,Hillsong
Hillsong_Who_You_Say_I_Am.mid,Hillsong
Hillsong_First_Love.mid,Hillsong
Hillsong_Days_Gone_By.mid,Hillsong
Hillsong_Hosanna.mid,Hillsong
Hillsong_Not_Today.mid,Hillsong
Hillsong_Elohim.mid,Hillsong
Hillsong_When_the_Fight_Calls.mid,Hillsong
Hillsong_O_Praise_the_Name.mid,Hillsong
Hillsong_Behold.mid,Hillsong
Hillsong_Peace.mid,Hillsong
Hillsong_Love_Won't_Let_Me_Down.mid,Hillsong
Ryuichi_Reversing.mid,Ryuichi
Ryuichi_Put_Your_hands_up.mid,Ryuichi
Ryuichi_Bolerish.mid,Ryuichi
Ryuichi_Wuthering_Heights.mid,Ryuichi
Ryuichi_Tibetan_Dance.mid,Ryuichi
Ryuichi_Estrada_Branca.mid,Ryuichi
Ryuichi_Gohatto.mid,Ryuichi
Ryuichi_Lost_Theme.mid,Ryuichi
Ryuichi_The_Last_Emperor.mid,Ryuichi
Ryuichi_High_Heels.mid,Ryuichi
Ryuichi_Railroad_Man.mid,Ryuichi
Ryuichi_1919.mid,Ryuichi
Ryuichi_Amore.mid,Ryuichi
Ryuichi_Thousand_Knives.mid,Ryuichi
Ryuichi_Mizu_No_Naka_No_Bagatelle.mid,Ryuichi
Ryuichi_Before_Long.mid,Ryuichi
Ryuichi_Aoneko_no_Torso.mid,Ryuichi
Ryuichi_Shining_Boy_&_LIttle_Randy.mid,Ryuichi
Ryuichi_Silk_Endroll.mid,Ryuichi
Ryuichi_Kizuna.mid,Ryuichi
Ryuichi_To_Stanford.mid,Ryuichi
Ryuichi_Parolibre.mid,Ryuichi
Ryuichi_Seven_Samurai.mid,Ryuichi
Ryuichi_Tango.mid,Ryuichi
Ryuichi_Chanson.mid,Ryuichi
Ryuichi_Grassoppers.mid,Ryuichi
Ryuichi_The_Sheltering_Sky.mid,Ryuichi
Ryuichi_A_Bagatelle_in_Water.mid,Ryuichi
Ryuici_Forbidden_Colors.mid,Ryuichi
Ryuichi_Energy_Flow.mid,Ryuichi
Ryuichi_Koko.mid,Ryuichi
Ryuichi_Tamago_2004.mid,Ryuichi
Ryuichi_Women_Without_Name.mid,Ryuichi
Ryuichi_Behind_The_Mask.mid,Ryuichi
Ryuichi_Ascience.mid,Ryuichi
Ryuichi_Aqua.mid,Ryuichi
Ryuichi_Sweet_Revenge.mid,Ryuichi
Ryuichi_Merry_Christmas_Mr_Lawrence.mid,Ryuichi
Ryuichi_Babel.mid,Ryuichi
Ryuichi_Perspective.mid,Ryuichi
Ryuichi_Solitude.mid,Ryuichi
Ryuichi_Bibo_No_Aozora.mid,Ryuichi
Ryuichi_Self_Portrait.mid,Ryuichi
Ryuichi_Hibari.mid,Ryuichi
Ryuichi_Opus.mid,Ryuichi
Ryuichi_Composition_0919.mid,Ryuichi
Ryuichi_A_Flower_Is_Not_A_Flower.mid,Ryuichi
Ryuichi_Undercooled.mid,Ryuichi
Ryuichi_Ambiguous_Lucidity.mid,Ryuichi
Ryuichi_Rain.mid,Ryuichi
Bethel_Mercy.mid,Bethel
Bethel_Sails.mid,Bethel
Bethel_Take_Courage.mid,Bethel
Bethel_Garments.mid,Bethel
Bethel_Ever_Be.mid,Bethel
Bethel_Water_and_Dust.mid,Bethel
Bethel_Have_It_All.mid,Bethel
Bethel_Glory_to_Glory.mid,Bethel
Bethel_In_Over_My_Head.mid,Bethel
Bethel_Only_Takes_a_Moment.mid,Bethel
Bethel_Confident.mid,Bethel
Bethel_Praises_be_Lifted_Up.mid,Bethel
Bethel_It_Is_Well.mid,Bethel
Bethel_Endless_Alleluia.mid,Bethel
Bethel_Be_Enthroned.mid,Bethel
Bethel_Extravagent.mid,Bethel
Bethel_Faithful_to_the_End.mid,Bethel
Bethel_Born_Again.mid,Bethel
Bethel_King_of_My_Heart.mid,Bethel
Bethel_Thank_You.mid,Bethel
Bethel_Endless.mid,Bethel
Bethel_Jesus_We_Love_You.mid,Bethel
Bethel_Come_to_Me.mid,Bethel
Bethel_Mention_of_Your_Name.mid,Bethel
Bethel_We_Will_Not_Be_Shaken.mid,Bethel
Bethel_Starlight.mid,Bethel
Bethel_Death_Where_Is_Your_Sting.mid,Bethel
Bethel_Heaven_Come.mid,Bethel
Bethel_Raise_a_Hallelujah.mid,Bethel
Bethel_Reckless_Love.mid,Bethel
Bethel_Son_of_God.mid,Bethel
Bethel_You_Make_Me_Brave.mid,Bethel
Bethel_Shine_on_Us.mid,Bethel
Bethel_We_Dance.mid,Bethel
Bethel_Spirit_Move.mid,Bethel
Bethel_There's_No_Other_Name.mid,Bethel
Bethel_Greatness_of_Your_Glory.mid,Bethel
Bethel_You_Won't_Let_Go.mid,Bethel
Bethel_Goodness_of_God.mid,Bethel
Bethel_Sweet_Praise.mid,Bethel
Bethel_Gravity.mid,Bethel
Bethel_Pieces.mid,Bethel
Bethel_No_Longer_Slaves.mid,Bethel
Bethel_Lion_and_the_Lamb.mid,Bethel
Bethel_I_am_No_Victim.mid,Bethel
Bethel_Your_Love_Is_Strong.mid,Bethel
Bethel_Colors.mid,Bethel
Bethel_You're_Gonna_Be_Ok.mid,Bethel
Clayderman_Romeo_and_Juliet.mid,Clayderman
Clayderman_The_tenderness.mid,Clayderman
Clayderman_Anyone_can_fall_in_love.mid,Clayderman
Clayderman_Boulevard_Des_Solitudes.mid,Clayderman
Clayderman_Till.mid,Clayderman
Clayderman_Promise_Me.mid,Clayderman
Clayderman_Strangers_in_the_Night.mid,Clayderman
Clayderman_Ballade_Pour_Adeline.mid,Clayderman
Clayderman_Yesterday_Once_More.mid,Clayderman
Clayderman_L_for_love.mid,Clayderman
Clayderman_For_Elise.mid,Clayderman
Clayderman_How_do_I_Live.mid,Clayderman
Clayderman_Souvenirs_d'Enfance.mid,Clayderman
Clayderman_Solitaire.mid,Clayderman
Clayderman_Love_Story.mid,Clayderman
Clayderman_Murmures.mid,Clayderman
Clayderman_Winter_Sonata.mid,Clayderman
Clayderman_Concerto_Pour_Une_Jeune.mid,Clayderman
Clayderman_River_of_no_return.mid,Clayderman
Clayderman_Mariage_D_Amour.mid,Clayderman
Clayderman_Jardin_Secret.mid,Clayderman
Clayderman_I_dreamed_a_dream.mid,Clayderman
Clayderman_Priste_Coeur.mid,Clayderman
Clayderman_Stranger_on_the_shore.mid,Clayderman
Clayderman_Voyage_A_Venise.mid,Clayderman
Clayderman_Morning_Has_Broken.mid,Clayderman
Clayderman_You_light_Up_My_Life.mid,Clayderman
Clayderman_Feelings.mid,Clayderman
Clayderman_Fall_In_Love.mid,Clayderman
Clayderman_Burn_for_you.mid,Clayderman
Clayderman_Eleana.mid,Clayderman
Clayderman_Hello.mid,Clayderman
Clayderman_Nothing’s_Gonna_Change_My_Love_For_You.mid,Clayderman
Clayderman_Moonlight_Sonata.mid,Clayderman
Clayderman_Unchained_Melody.mid,Clayderman
Clayderman_Music_Box_Dancer.mid,Clayderman
Clayderman_A_Comme_Amour.mid,Clayderman
Clayderman_For_My_Sweetheart.mid,Clayderman
Clayderman_The_Sound_of_Silence.mid,Clayderman
Clayderman_I_Like_Chopin.mid,Clayderman
Clayderman_La_Vie_En_Rose.mid,Clayderman
Clayderman_Can_You_Feel_The_Love_Tonight.mid,Clayderman
Clayderman_When_Have_All_the_Flowers_Gone.mid,Clayderman
Clayderman_Les_Derniers_Jours_d’Anastasia_Kemsky.mid,Clayderman
Clayderman_Woman_in_Love.mid,Clayderman
Clayderman_Hungarian_Sonata.mid,Clayderman
Clayderman_Will_You_Still_Love_Me_Tomorrow.mid,Clayderman
Clayderman_I_Have_A_Dream.mid,Clayderman
Clayderman_Nostalgy.mid,Clayderman
Hancock_Speak_Like_a_Child.mid,Hancock
Hancock_Maiden_Voyage.mid,Hancock
Hancock_The_Man_I_Love.mid,Hancock
Hancock_The_Eye_of_the_Hurricane.mid,Hancock
Hancock_Youve_Got_It_Bad_Girl.mid,Hancock
Hancock_When_I_Can_See_You.mid,Hancock
Hancock_Sweet_Bird.mid,Hancock
Hancock_Love_is_Stronger_than_Pride.mid,Hancock
Hancock_Scarborough_Fair.mid,Hancock
Hancock_Amelia.mid,Hancock
Hancock_Court_and_Spark.mid,Hancock
Hancock_Alone_and_I.mid,Hancock
Hancock_The_Maze.mid,Hancock
Hancock_Empty_Pockets.mid,Hancock
Hancock_And_What_If_I_Don't.mid,Hancock
Hancock_February_Moment.mid,Hancock
Hancock_Blue_Otani.mid,Hancock
Hancock_Jessica.mid,Hancock
Hancock_Thieves_in_the_Temple.mid,Hancock
"Hancock_Blind_Man,_Blind_Man.mid",Hancock
Hancock_Unknown2.mid,Hancock
Hancock_It_Ain't_Necessarily_So.mid,Hancock
Hancock_The_Sorcerer.mid,Hancock
Hancock_Harvest_Time.mid,Hancock
Hancock_Toys.mid,Hancock
Hancock_First_Trip.mid,Hancock
Hancock_Survival_of_the_Fittest.mid,Hancock
Hancock_All_Apologies.mid,Hancock
Hancock_Driftin.mid,Hancock
Hancock_Little_One.mid,Hancock
Hancock_The_Tea_Leaf_Prophecy.mid,Hancock
Hancock_Unknown1.mid,Hancock
Hancock_Edith_and_the_Kingpin.mid,Hancock
Hancock_The_Pleasure_Is_Mine.mid,Hancock
Hancock_Nefertiti.mid,Hancock
Hancock_Dolphin_Dance.mid,Hancock
Hancock_La_Fiesta.mid,Hancock
Hancock_Both_Sides_Now.mid,Hancock
Hancock_Liza.mid,Hancock
Hancock_Manhattan.mid,Hancock
Hancock_The_Jungle_Line.mid,Hancock
Hancock_Your_Gold_Teeth.mid,Hancock
Hancock_Watermelon_Man.mid,Hancock
Hancock_Button_Up.mid,Hancock
Hancock_Three_Bags_Full.mid,Hancock
Hancock_Sonrisa.mid,Hancock
Hancock_Solitude.mid,Hancock
Hancock_River.mid,Hancock
Hancock_Norwegian_Wood.mid,Hancock
Hancock_New_York_Minute.mid,Hancock
Yiruma_Sky.mid,Yiruma
Yiruma_Unknown_4.mid,Yiruma
Yiruma_Wait_There.mid,Yiruma
Yiruma_Memories_in_My_Eyes.mid,Yiruma
Yiruma_Lord_Hold_My_Hand.mid,Yiruma
Yiruma_It's_Your_Day.mid,Yiruma
Yiruma_Nocturnal_Rainbow.mid,Yiruma
Yiruma_Spring_Rain.mid,Yiruma
Yiruma_Journey.mid,Yiruma
Yiruma_Unknown_7.mid,Yiruma
Yiruma_Unknown_8.mid,Yiruma
Yiruma_Yellow_Room.mid,Yiruma
Yiruma_When_the_Love_Falls.mid,Yiruma
Yiruma_27_May.mid,Yiruma
Yiruma_Elegy.mid,Yiruma
Yiruma_Till_I_Find_You.mid,Yiruma
Yiruma_Unknown_1.mid,Yiruma
Yiruma_Hope.mid,Yiruma
Yiruma_Reminiscence_Keep_Us_Together.mid,Yiruma
Yiruma_Love_Me.mid,Yiruma
Yiruma_The_Last_Sound.mid,Yiruma
Yiruma_Unknown_6.mid,Yiruma
Yiruma_The_Scenary_Begins.mid,Yiruma
Yiruma_Piano.mid,Yiruma
Yiruma_Dream.mid,Yiruma
Yiruma_On_the_Way.mid,Yiruma
Yiruma_Farewell.mid,Yiruma
Yiruma_With_the_Wind.mid,Yiruma
Yiruma_Tears_on_Love.mid,Yiruma
Yiruma_Unknown_3.mid,Yiruma
Yiruma_I.mid,Yiruma
Yiruma_Unknown_5.mid,Yiruma
Yiruma_Dream_a_Little_Dream_of_Me.mid,Yiruma
Yiruma_Do_You.mid,Yiruma
Yiruma_Because_I_Love_You.mid,Yiruma
Yiruma_Sweet_Dream_My_Dear.mid,Yiruma
Yiruma_Love_Hurts.mid,Yiruma
Yiruma_Falling.mid,Yiruma
Yiruma_Poemusic.mid,Yiruma
Yiruma_Kiss_the_Rain.mid,Yiruma
Yiruma_Spring_Theme.mid,Yiruma
Yiruma_Chaconne.mid,Yiruma
Yiruma_The_Moment.mid,Yiruma
Yiruma_Poemusician.mid,Yiruma
Yiruma_Scenery_From_My_Window.mid,Yiruma
Yiruma_Painted.mid,Yiruma
Yiruma_Passing_By.mid,Yiruma
Yiruma_What_Beautiful_Stars.mid,Yiruma
Yiruma_Time_Forgets.mid,Yiruma
Yiruma_River_Flows_in_You.mid,Yiruma
Yiruma_Poem_and_Like_a_Poem.mid,Yiruma
Yiruma_Fairy_Tale.mid,Yiruma
Yiruma_The_Day_That'll_Never_Come.mid,Yiruma
Yiruma_If_I_Could_See_You_Again.mid,Yiruma
Yiruma_Stay_in_Memory.mid,Yiruma
Yiruma_Maybe.mid,Yiruma
Yiruma_Unknown_2.mid,Yiruma
Yiruma_Left_My_Hearts.mid,Yiruma
